Threshold,0.5,
,Positive,Negative
True,194,78
False,2,412
,,
TN vs FN,0.15918367346938775,0.8408163265306122
TP vs FP,0.9897959183673469,0.01020408163265306
,,
Accuracy,0.3965014577259475,
Precision,0.9897959183673469,
Recall,0.3201320132013201,
