Threshold,0.5,
,Positive,Negative
True,1285,2122
False,119,121
,,
TN vs FN,0.9460543914400357,0.05394560855996433
TP vs FP,0.9152421652421653,0.08475783475783476
,,
Accuracy,0.9341924869755964,
Precision,0.9152421652421653,
Recall,0.9139402560455192,
