Threshold,0.5,
,Positive,Negative
True,562,29
False,51,44
,,
TN vs FN,0.3972602739726027,0.6027397260273972
TP vs FP,0.9168026101141925,0.08319738988580751
,,
Accuracy,0.8615160349854227,
Precision,0.9168026101141925,
Recall,0.9273927392739274,
